SA2_NAME16,population
Avoca Beach - Copacabana,7546
Box Head - MacMasters Beach,10956
Calga - Kulnura,4811
Erina - Green Point,14240
Gosford - Springfield,19284
Kariong,6559
Kincumber - Picketts Valley,7429
Narara,6829
Niagara Park - Lisarow,8202
Point Clare - Koolewong,6329
Saratoga - Davistown,7142
Terrigal - North Avoca,13909
Umina - Booker Bay - Patonga,24037
Wamberal - Forresters Beach,10146
Woy Woy - Blackwall,14181
Wyoming,11657
Bateau Bay - Killarney Vale,22412
Blue Haven - San Remo,11305
Budgewoi - Buff Point - Halekulani,9570
Chittaway Bay - Tumbi Umbi,15714
Gorokan - Kanwal - Charmhaven,22489
Jilliby - Yarramalong,3474
Lake Munmorah - Mannering Park,10984
Ourimbah - Fountaindale,4994
Summerland Point - Gwandalan,5844
The Entrance,15237
Toukley - Norah Head,9966
Tuggerah - Kangy Angy,5469
Warnervale - Wadalba,15573
Wyong,9021
Baulkham Hills (East),23665
Baulkham Hills (West) - Bella Vista,20888
Glenhaven,6426
West Pennant Hills,13224
Castle Hill - Central,7908
Castle Hill - East,5780
Castle Hill - North,12314
Castle Hill - South,9877
Castle Hill - West,5371
Cherrybrook,19474
Kellyville,23834
Dural - Kenthurst - Wisemans Ferry,21705
Galston - Laughtondale,5371
Bilpin - Colo - St Albans,2745
Kurrajong Heights - Ebenezer,22420
Pitt Town - McGraths Hill,10779
Rouse Hill - Beaumont Hills,23302
Blacktown (East) - Kings Park,17600
Blacktown (North) - Marayong,18503
Doonside - Woodcroft,23426
Lalor Park - Kings Langley,25611
Seven Hills - Toongabbie,24788
Blacktown (South),12744
Blacktown (West),16719
Glenwood,16652
Parklea - Kellyville Ridge,33702
Riverstone - Marsden Park,17893
Acacia Gardens,3905
Quakers Hill,23593
Bidwill - Hebersham - Emerton,18970
Glendenning - Dean Park,8602
Hassall Grove - Plumpton,21243
Lethbridge Park - Tregear,21322
Mount Druitt - Whalan,23382
Prospect Reservoir,40
Rooty Hill - Minchinbury,21661
Banksmeadow,21
Botany,11272
Mascot - Eastlakes,25736
Pagewood - Hillsdale - Daceyville,11931
Port Botany Industrial,7
Sydney Airport,202
Marrickville,27924
Petersham - Stanmore,21314
Sydenham - Tempe - St Peters,8336
Darlinghurst,12202
Erskineville - Alexandria,17340
Glebe - Forest Lodge,20814
Newtown - Camperdown - Darlington,26297
Potts Point - Woolloomooloo,22990
Pyrmont - Ultimo,23339
Redfern - Chippendale,24207
Surry Hills,17844
Sydney - Haymarket - The Rocks,29970
Waterloo - Beaconsfield,35323
Bondi - Tamarama - Bronte,20097
Bondi Beach - North Bondi,22559
Bondi Junction - Waverly,17924
Centennial Park,3
Double Bay - Bellevue Hill,26781
Dover Heights,11526
Paddington - Moore Park,16411
Rose Bay - Vaucluse - Watsons Bay,12685
Woollahra,8166
Coogee - Clovelly,27325
Malabar - La Perouse - Chifley,25405
Kensington (NSW),15748
Kingsford,16471
Maroubra - North,10365
Maroubra - South,11293
Maroubra - West,10833
Randwick - North,17880
Randwick - South,13946
Bass Hill - Georges Hall,22770
Chullora,915
Condell Park,11844
Greenacre - Mount Lewis,27280
Padstow,17012
Panania - Milperra - Picnic Point,26461
Revesby,16800
Yagoona - Birrong,21505
Bankstown - North,17057
Bankstown - South,16765
Belmore - Belfield,19984
Canterbury (South) - Campsie,32017
Kingsgrove (North) - Earlwood,25014
Punchbowl,21693
Roselands,14208
Lakemba,18056
Wiley Park,10847
Hurstville,24845
Mortdale - Penshurst,24794
Narwee - Beverly Hills,14337
Oatley - Hurstville Grove,13214
Peakhurst - Lugarno,18571
Riverwood,11724
South Hurstville - Blakehurst,25248
Arncliffe - Bardwell Valley,22911
Bexley,27881
Kingsgrove (South) - Bardwell Park,13299
Kogarah,11901
Kogarah Bay - Carlton - Allawah,16741
Monterey - Brighton-le-Sands - Kyeemagh,14728
Rockdale - Banksia,21180
Sans Souci - Ramsgate,16852
Concord - Mortlake - Cabarita,22706
Concord West - North Strathfield,26116
Drummoyne - Rodd Point,19276
Five Dock - Abbotsford,21497
Balmain,16650
Leichhardt - Annandale,27957
Lilyfield - Rozelle,14933
Ashfield,25655
Burwood - Croydon,25879
Canterbury (North) - Ashbury,10982
Croydon Park - Enfield,17862
Dulwich Hill - Lewisham,17636
Haberfield - Summer Hill,14129
Homebush,17086
Strathfield,26212
Strathfield South,3692
Chatswood (East) - Artarmon,29996
Chatswood (West) - Lane Cove North,22065
Lane Cove - Greenwich,27960
St Leonards - Naremburn,11065
Willoughby - Castle Cove - Northbridge,26738
Asquith - Mount Colah,18895
Berowra - Brooklyn - Cowan,12045
Normanhurst - Thornleigh - Westleigh,19141
Hornsby - East,12312
Hornsby - West,11084
Waitara - Wahroonga (West),9979
Gordon - Killara,22297
Lindfield - Roseville,24098
Pymble,17056
St Ives,21512
Turramurra,19860
Wahroonga (East) - Warrawee,18651
Cremorne - Cammeray,20281
Crows Nest - Waverton,19125
Mosman,30215
Neutral Bay - Kirribilli,19052
North Sydney - Lavender Bay,11479
Balgowlah - Clontarf - Seaforth,21325
Manly - Fairlight,23669
Avalon - Palm Beach,13109
Bayview - Elanora Heights,11289
Newport - Bilgola,13927
Warriewood - Mona Vale,25179
Beacon Hill - Narraweena,14428
Cromer,7761
Dee Why - North Curl Curl,26354
Forestville - Killarney Heights,13326
Frenchs Forest - Belrose,26366
Freshwater - Brookvale,22330
Manly Vale - Allambie Heights,17601
Narrabeen - Collaroy,25903
Terrey Hills - Duffys Forest,3777
Camden - Ellis Lane,13277
Elderslie - Harrington Park,21700
Mount Annan - Currans Hill,29235
Bradbury - Wedderburn,19484
Campbelltown - Woodbine,18604
Claymore - Eagle Vale - Raby,20989
Holsworthy Military Area,0
Ingleburn - Denham Court,20675
Leumeah - Minto Heights,16934
Macquarie Fields - Glenfield,24259
Minto - St Andrews,20388
Rosemeadow - Glen Alpine,21512
Bargo,5861
Douglas Park - Appin,9985
Picton - Tahmoor - Buxton,17149
The Oaks - Oakdale,9220
Blackheath - Megalong Valley,5659
Blaxland - Warrimoo - Lapstone,19373
Blue Mountains - North,13
Katoomba - Leura,13613
Lawson - Hazelbrook - Linden,11452
Springwood - Winmalee,22138
Wentworth Falls,6248
Blue Mountains - South,4
Cambridge Park,15937
Castlereagh - Cranebrook,24472
Emu Plains - Leonay,14566
Glenmore Park - Regentville,21793
Jamisontown - South Penrith,17684
Kingswood - Werrington,20157
Mulgoa - Luddenham - Orchard Hills,9914
Penrith,13630
Warragamba - Silverdale,5299
Richmond - Clarendon,14136
Windsor - Bligh Park,15746
Yarramundi - Londonderry,7587
Erskine Park,6595
St Clair,20377
Colyton - Oxley Park,11922
St Marys - North St Marys,16533
Homebush Bay - Silverwater,19594
Rookwood Cemetery,3
Auburn - Central,18070
Auburn - North,11971
Auburn - South,8897
Berala,9312
Lidcombe,20936
Regents Park,5294
Carlingford,28396
Ermington - Rydalmere,22020
Oatlands - Dundas Valley,18448
Chester Hill - Sefton,19060
Fairfield - East,15972
Granville - Clyde,21894
Greystanes - Pemulwuy,27324
Guildford - South Granville,21848
Guildford West - Merrylands West,21520
Merrylands - Holroyd,29836
Smithfield Industrial,35
Yennora Industrial,23
North Parramatta,23066
North Rocks,8224
Northmead,21222
Parramatta - Rosehill,30741
Toongabbie - Constitution Hill,22602
Winston Hills,11119
Pendle Hill - Girraween,13412
Wentworthville - Westmead,16322
Epping - North Epping,28110
Pennant Hills - Cheltenham,21178
Eastwood - Denistone,26256
Gladesville - Huntleys Point,15070
Hunters Hill - Woolwich,10819
Macquarie Park - Marsfield,22784
North Ryde - East Ryde,12778
West Ryde - Meadowbank,20337
Putney,4323
Ryde,28506
Ashcroft - Busby - Miller,17751
Austral - Greendale,9168
Cobbitty - Leppington,18505
Badgerys Creek,62
Cecil Hills,7296
Green Valley,13031
Hinchinbrook,12825
Hoxton Park - Carnes Hill - Horningsea Park,12000
West Hoxton - Middleton Grange,15740
Bonnyrigg Heights - Bonnyrigg,16636
Bossley Park - Abbotsbury,19650
Cabramatta - Lansvale,25844
Cabramatta West - Mount Pritchard,17810
Canley Vale - Canley Heights,21546
Edensor Park,10242
Fairfield,18363
Fairfield - West,19791
Greenfield Park - Prairiewood,8618
Horsley Park - Kemps Creek,4637
Smithfield - Wetherill Park,18608
St Johns Park - Wakeley,11285
Wetherill Park Industrial,46
Casula,16223
Chipping Norton - Moorebank,19319
Holsworthy - Wattle Grove,21504
Liverpool,28680
Lurnea - Cartwright,12122
Prestons - Edmondson Park,18255
Warwick Farm,6135
Gymea - Grays Point,17986
Miranda - Yowie Bay,18857
Sylvania - Taren Point,16591
Caringbah,12246
Caringbah South,12495
Cronulla - Kurnell - Bundeena,24583
Lilli Pilli - Port Hacking - Dolans Bay,3264
Woolaware - Burraneer,8084
Heathcote - Waterfall,6674
Illawong - Alfords Point,10836
Menai - Lucas Heights - Woronora,21692
Oyster Bay - Como - Jannali,21974
Royal National Park,28
Sutherland - Kirrawee,21499
Engadine,17434
Loftus - Yarrawarrah,7435
Woronora Heights,3749
Braidwood,3945
Karabar,8615
Queanbeyan,11235
Queanbeyan - East,5049
Queanbeyan Region,17435
Queanbeyan West - Jerrabomberra,13193
Bombala,2425
Cooma,6890
Cooma Region,3334
Jindabyne - Berridale,7091
Batemans Bay,7842
Batemans Bay - South,8570
Bega - Tathra,8607
Bega-Eden Hinterland,8961
Broulee - Tomakin,3317
Deua - Wadbilliga,27
Eden,3281
Eurobodalla Hinterland,3366
Merimbula - Tura Beach,10835
Moruya - Tuross Head,8096
Narooma - Bermagui,9171
Goulburn,23320
Goulburn Region,12862
Yass,6656
Yass Region,11913
Young,10802
Young Region,7450
Bathurst,24541
Bathurst - East,11472
Bathurst Region,7017
Oberon,4753
Condobolin,6803
Cowra,9300
Cowra Region,5542
Forbes,10394
Grenfell,3680
Parkes (NSW),11258
Parkes Region,3435
West Wyalong,6004
Lithgow,13095
Lithgow Region,8420
Mudgee,12010
Mudgee Region - East,3503
Mudgee Region - West,10544
Wollangambe - Wollemi,0
Blayney,7430
Orange,19457
Orange - North,20298
Orange Region,11806
Grafton,19075
Grafton Region,15446
Maclean - Yamba - Iluka,16440
Bellingen,5936
Coffs Harbour - North,17902
Coffs Harbour - South,10535
Coramba - Nana Glen - Bucca,3862
Dorrigo,3253
Korora - Emerald Beach,9010
Sawtell - Boambee,19947
Urunga,4758
Woolgoolga - Arrawarra,12740
Bourke - Brewarrina,4223
Cobar,4772
Coonamble,4278
Nyngan - Warren,5103
Walgett - Lightning Ridge,6683
Broken Hill,18027
Far West,2571
Coonabarabran,8075
Dubbo - East,10702
Dubbo - South,17380
Dubbo - West,9043
Dubbo Region,5728
Gilgandra,4452
Narromine,6694
Wellington,9064
Branxton - Greta - Pokolbin,10404
Cessnock,22426
Cessnock Region,8062
Dungog,9114
Kurri Kurri - Abermain,18057
Singleton,16521
Singleton Region,5037
Maitland,6812
Maitland - East,28091
Maitland - North,7793
Maitland - West,23179
Thornton - Millers Forest,10259
Anna Bay,5913
Lemon Tree Passage - Tanilba Bay,6882
Nelson Bay Peninsula,21447
Raymond Terrace,14107
Seaham - Woodville,5510
Tea Gardens - Hawks Nest,5161
Williamtown - Medowie - Karuah,14016
Muswellbrook,12403
Muswellbrook Region,4065
Scone,5964
Scone Region,8445
Dapto - Avondale,24045
Horsley - Kembla Grange,8985
Port Kembla Industrial,11
Unanderra - Mount Kembla,16018
Berkeley - Lake Heights - Cringila,14336
Port Kembla - Warrawong,10114
Windang - Primbee,4425
Illawarra Catchment Reserve,5
Albion Park - Macquarie Pass,14653
Albion Park Rail,7068
Kiama,7888
Kiama Downs - Minnamurra,6044
Kiama Hinterland - Gerringong,8027
Shellharbour - Flinders,17487
Shellharbour - Oak Flats,10311
Warilla,20992
Balgownie - Fairy Meadow,22018
Corrimal - Tarrawanna - Bellambi,15950
Figtree - Keiraville,21976
Helensburgh,9045
Thirroul - Austinmer - Coalcliff,11809
Woonona - Bulli - Russell Vale,20271
Wollongong - East,14649
Wollongong - West,17574
Bulahdelah - Stroud,4790
Forster,14607
Forster-Tuncurry Region,6231
Tuncurry,6267
Kempsey,15058
Kempsey Region,9194
Macksville - Scotts Head,4883
Nambucca Heads,6837
Nambucca Heads Region,7798
South West Rocks,5235
Lord Howe Island,412
Laurieton - Bonny Hills,16934
Port Macquarie - East,28670
Port Macquarie - West,17577
Port Macquarie Region,5398
Wauchope,11350
Gloucester,5083
Old Bar - Manning Point - Red Head,10729
Taree,20881
Taree Region,12615
Wingham,5453
Albury - East,15413
Albury - North,10046
Albury - South,10536
Albury Region,11772
Lavington,14737
Hay,3003
Wentworth - Buronga,6082
Wentworth-Balranald Region,3652
Corowa,5508
Corowa Region,6841
Deniliquin,7515
Deniliquin Region,6847
Moama,5972
Tocumwal - Finley - Jerilderie,9859
Armidale,24114
Armidale Region - North,4565
Armidale Region - South,6137
Walcha,3282
Glen Innes,8942
Inverell,11895
Inverell Region - East,5297
Inverell Region - West,6057
Tenterfield,6667
Moree,8474
Moree Region,5635
Narrabri,7372
Narrabri Region,4971
Gunnedah,9468
Gunnedah Region,4221
Quirindi,7873
Tamworth - East,20788
Tamworth - North,15410
Tamworth - West,5780
Tamworth Region,18839
Belmont - Bennetts Green,18274
Belmont South - Blacksmiths,5768
Charlestown - Dudley,24689
Glendale - Cardiff - Hillsborough,24053
Mount Hutton - Windale,9124
Redhead,3616
Swansea - Caves Beach,11793
Valentine - Eleebana,12466
Warners Bay - Boolaroo,13753
Bolton Point - Teralba,8749
Bonnells Bay - Silverwater,8941
Edgeworth - Cameron Park,14552
Morisset - Cooranbong,15311
Toronto - Awaba,13801
Wangi Wangi - Rathmines,9083
West Wallsend - Barnsley - Killingworth,6638
Adamstown - Kotara,16213
Beresfield - Hexham,8532
Hamilton - Broadmeadow,12277
Lambton - New Lambton,17006
Maryland - Fletcher - Minmi,14031
Mayfield - Warabrook,15314
Merewether - The Junction,14315
Newcastle - Cooks Hill,11266
Newcastle Port - Kooragang,17
Shortland - Jesmond,11970
Stockton - Fullerton Cove,7567
Wallsend - Elermore Vale,20280
Waratah - North Lambton,12456
Wickham - Carrington - Tighes Hill,8327
Ballina,17435
Ballina Region,17130
Bangalow,5912
Brunswick Heads - Ocean Shores,8493
Byron Bay,10000
Evans Head,5289
Lennox Head - Skennars Head,7958
Mullumbimby,8195
Casino,12441
Casino Region,7066
Goonellabah,13405
Kyogle,7424
Lismore,15574
Lismore Region,15384
Kingscliff - Fingal Head,13514
Murwillumbah,9137
Murwillumbah Region,9885
Pottsville,13497
Tweed Heads,19837
Banora Point,15961
Terranora - North Tumblegum,3328
Tweed Heads South,8299
Griffith (NSW),19748
Griffith Region,13238
Leeton,10313
Narrandera,6165
Tumbarumba,3529
Tumut,6391
Tumut Region,4766
Cootamundra,7673
Gundagai,3636
Junee,6411
Temora,6857
Wagga Wagga - East,16994
Wagga Wagga - North,4524
Wagga Wagga - South,21869
Wagga Wagga - West,12573
Wagga Wagga Region,15107
Berry - Kangaroo Valley,8927
Callala Bay - Currarong,3683
Culburra Beach,5044
Ettrema - Sassafras - Budawang,52
Huskisson - Vincentia,4290
North Nowra - Bomaderry,16162
Nowra,20547
St Georges Basin - Erowal Bay,14219
Sussex Inlet - Berrara,4394
Tomerong - Wandandian - Woollamia,3469
Ulladulla,15671
Ulladulla Region,5159
Bowral,13280
Hill Top - Colo Vale,6192
Mittagong,9240
Moss Vale - Berrima,10050
Robertson - Fitzroy Falls,3582
Southern Highlands,6715
Migratory - Offshore - Shipping (NSW),0
Brunswick,27123
Brunswick East,11766
Brunswick West,14629
Coburg,27733
Pascoe Vale South,10402
Alphington - Fairfield,9415
Northcote,26334
Thornbury,19522
Ascot Vale,15667
Essendon - Aberfeldie,28954
Flemington,10662
Moonee Ponds,15084
Carlton,20575
Docklands,11944
East Melbourne,5356
Flemington Racecourse,103
Kensington (Vic.),11526
Melbourne,41473
North Melbourne,22086
Parkville,7898
South Yarra - West,6607
Southbank,20470
West Melbourne,3
Albert Park,16540
Elwood,16509
Port Melbourne,17370
Port Melbourne Industrial,27
South Melbourne,12357
St Kilda,28141
St Kilda East,17625
Armadale,9658
Prahran - Windsor,21391
South Yarra - East,22677
Toorak,14072
Abbotsford,8842
Carlton North - Princes Hill,9020
Collingwood,9144
Fitzroy,11464
Fitzroy North,13211
Richmond (Vic.),32848
Yarra - North,9705
Ashburton (Vic.),8217
Balwyn,16700
Balwyn North,21340
Camberwell,22567
Glen Iris - East,17190
Hawthorn,24700
Hawthorn East,16289
Kew,26314
Kew East,6825
Surrey Hills (West) - Canterbury,17219
Bulleen,11648
Doncaster,21864
Templestowe,17620
Templestowe Lower,14375
Doncaster East (North),15361
Doncaster East (South),14725
Blackburn,22480
Blackburn South,11274
Box Hill,20973
Box Hill North,18359
Burwood,12937
Burwood East,10807
Surrey Hills (East) - Mont Albert,10426
Beaumaris,14172
Brighton (Vic.),24297
Brighton East,16701
Cheltenham - Highett (West),11439
Hampton,18732
Sandringham - Black Rock,17396
Bentleigh - McKinnon,23869
Carnegie,19104
Caulfield - North,22207
Caulfield - South,18456
Elsternwick,12061
Hughesdale,8002
Murrumbeena,9771
Ormond - Glen Huntly,14089
Bentleigh East (North),15548
Bentleigh East (South),13907
Aspendale Gardens - Waterways,9487
Braeside,86
Carrum - Patterson Lakes,12144
Chelsea - Bonbeach,14810
Chelsea Heights,5517
Cheltenham - Highett (East),23352
Edithvale - Aspendale,13307
Mentone,13709
Moorabbin - Heatherton,9237
Moorabbin Airport,0
Mordialloc - Parkdale,20873
Malvern - Glen Iris,21265
Malvern East,22543
Bundoora - East,10355
Greensborough,21392
Heidelberg - Rosanna,15578
Heidelberg West,14840
Ivanhoe,12040
Ivanhoe East - Eaglemont,8116
Montmorency - Briar Hill,16765
Viewbank - Yallambie,19090
Watsonia,9517
Kingsbury,11938
Reservoir - East,28460
Reservoir - West,25295
Preston - East,21188
Preston - West,12870
Eltham,23951
Hurstbridge,3624
Kinglake,3990
Panton Hill - St Andrews,5423
Plenty - Yarrambat,9941
Research - North Warrandyte,7011
Wattle Glen - Diamond Creek,14330
Bundoora - North,7854
Bundoora - West,6604
Lalor,24114
Mill Park - North,18775
Mill Park - South,12481
Thomastown,21551
Wallan,16700
Whittlesea,8388
Doreen,21904
Epping - East,13879
Epping - South,8776
Epping - West,11557
Mernda,17268
South Morang (North),12596
South Morang (South),12483
Wollert,9651
Airport West,7918
Essendon Airport,0
Keilor,8887
Keilor East,27556
Niddrie - Essendon West,7216
Strathmore,9895
Gisborne,13345
Macedon,3541
Riddells Creek,4185
Romsey,9668
Coburg North,8095
Fawkner,14558
Pascoe Vale,24631
Glenroy,23354
Gowanbrae,3056
Hadfield,5893
Sunbury,13272
Sunbury - South,27706
Broadmeadows,14106
Campbellfield - Coolaroo,17011
Gladstone Park - Westmeadows,18416
Greenvale - Bulla,17297
Meadow Heights,15986
Melbourne Airport,212
Roxburgh Park - Somerton,23136
Tullamarine,6783
Craigieburn - Central,8758
Craigieburn - North,12081
Craigieburn - South,17051
Craigieburn - West,14905
Mickleham - Yuroke,3554
Bayswater,12609
Knoxfield - Scoresby,15742
Lysterfield,6905
Rowville - Central,15969
Rowville - North,8357
Rowville - South,11073
Wantirna,14546
Wantirna South,18610
Boronia,22936
Ferntree Gully (North),14382
Ferntree Gully (South) - Upper Ferntree Gully,15149
The Basin,4434
Donvale - Park Orchards,16779
Warrandyte - Wonga Park,10647
Bayswater North,12239
Croydon Hills - Warranwood,18763
Ringwood,17916
Ringwood East,21142
Ringwood North,9956
Croydon - East,15779
Croydon - West,13837
Croydon South,4892
Forest Hill,11101
Mitcham (Vic.),16867
Nunawading,12464
Vermont,10932
Vermont South,12233
Belgrave - Selby,10452
Chirnside Park,10276
Healesville - Yarra Glen,14172
Kilsyth,9498
Lilydale - Coldstream,19420
Monbulk - Silvan,5864
Montrose,7094
Mooroolbark,22960
Mount Dandenong - Olinda,10204
Mount Evelyn,10048
Upwey - Tecoma,9950
Wandin - Seville,7917
Yarra Valley,16640
Beaconsfield - Officer,13622
Bunyip - Garfield,8896
Emerald - Cockatoo,18686
Koo Wee Rup,7760
Pakenham - North,19341
Pakenham - South,29485
Berwick - North,23870
Berwick - South,26930
Doveton,11916
Hallam,11383
Narre Warren North,8082
Endeavour Hills - North,12525
Endeavour Hills - South,14061
Narre Warren - North East,14091
Narre Warren - South West,14661
Cranbourne,20859
Cranbourne East,26826
Cranbourne North,20916
Cranbourne South,9176
Cranbourne West,15746
Hampton Park - Lynbrook,26871
Lynbrook - Lyndhurst,16166
Pearcedale - Tooradin,8038
Narre Warren South (East),13756
Narre Warren South (West),17648
Clarinda - Oakleigh South,12281
Clayton South,13443
Dandenong,32801
Dandenong North,23728
Dingley Village,10777
Keysborough,27377
Noble Park North,7912
Springvale,22953
Springvale South,13285
Noble Park - East,13184
Noble Park - West,19712
Ashwood - Chadstone,19310
Clayton,23855
Glen Waverley - East,22027
Glen Waverley - West,20245
Mount Waverley - North,16175
Mount Waverley - South,19256
Mulgrave,20526
Oakleigh - Huntingdale,22537
Wheelers Hill,20917
Ardeer - Albion,8151
Cairnlea,10325
Deer Park - Derrimut,27772
Delahey,8738
Keilor Downs,14024
Kings Park (Vic.),14769
St Albans - North,21270
St Albans - South,18352
Sunshine,10256
Sunshine North,12331
Sunshine West,19657
Sydenham,12682
Taylors Lakes,18531
Altona,13277
Altona Meadows,20141
Altona North,14724
Newport,18484
Seabrook,5439
Williamstown,16277
Braybrook,19384
Footscray,17536
Maribyrnong,12975
Seddon - Kingsville,9709
West Footscray - Tottenham,12152
Yarraville,15599
Bacchus Marsh,20992
Hillside,21362
Melton,19614
Melton South,24237
Melton West,18266
Rockbank - Mount Cottrell,3183
Taylors Hill,20267
Burnside,4981
Burnside Heights,6420
Caroline Springs,20971
Hoppers Crossing - North,20034
Hoppers Crossing - South,20366
Laverton,9429
Tarneit,36532
Truganina,24977
Werribee - South,11844
Wyndham Vale,24269
Point Cook - East,12897
Point Cook - North,24415
Point Cook - South,15299
Werribee - East,20744
Werribee - West,12332
Carrum Downs,21535
Frankston,23451
Frankston North,19947
Frankston South,19035
Langwarrin,24792
Seaford (Vic.),17138
Skye - Sandhurst,13613
Dromana,11474
Flinders,5657
Hastings - Somers,22806
Mornington,24894
Mount Eliza,18798
Mount Martha,19317
Point Nepean,17726
Rosebud - McCrae,21499
Somerville,18691
Alfredton,11887
Ballarat,12313
Ballarat - North,23448
Ballarat - South,24603
Buninyong,7291
Delacombe,7188
Smythes Creek,3976
Wendouree - Miners Rest,14858
Bacchus Marsh Region,6001
Creswick - Clunes,7881
Daylesford,9142
Gordon (Vic.),5722
Avoca,3329
Beaufort,4433
Golden Plains - North,4509
Maryborough (Vic.),7923
Maryborough Region,5281
Bendigo,14686
California Gully - Eaglehawk,12121
East Bendigo - Kennington,13663
Flora Hill - Spring Gully,9404
Kangaroo Flat - Golden Square,19956
Maiden Gully,5141
Strathfieldsaye,8749
White Hills - Ascot,11867
Bendigo Region - South,7256
Castlemaine,10731
Castlemaine Region,8525
Heathcote,4522
Kyneton,9691
Woodend,7101
Bendigo Region - North,4375
Loddon,7097
Bannockburn,6516
Golden Plains - South,6928
Winchelsea,5838
Belmont,14255
Corio - Norlane,26894
Geelong,13016
Geelong West - Hamlyn Heights,19788
Grovedale,23763
Highton,22714
Lara,18552
Leopold,13004
Newcomb - Moolap,14757
Newtown (Vic.),10541
North Geelong - Bell Park,15109
Clifton Springs,13494
Lorne - Anglesea,5293
Ocean Grove - Barwon Heads,24102
Portarlington,7527
Point Lonsdale - Queenscliff,4214
Torquay,19066
Alexandra,6420
Euroa,6281
Kilmore - Broadford,13971
Mansfield (Vic.),8864
Nagambie,4055
Seymour,6433
Seymour Region,4468
Upper Yarra Valley,183
Yea,3595
Benalla,10402
Benalla Region,3621
Rutherglen,3874
Wangaratta,18891
Wangaratta Region,9668
Beechworth,4641
Bright - Mount Beauty,8251
Chiltern - Indigo Valley,3094
Myrtleford,4660
Towong,5941
West Wodonga,15071
Wodonga,24773
Yackandandah,4494
Drouin,16368
Mount Baw Baw Region,6072
Trafalgar (Vic.),7732
Warragul,18985
Alps - East,3
Bairnsdale,14887
Bruthen - Omeo,7805
Lake King,0
Lakes Entrance,10035
Orbost,6475
Paynesville,6332
Foster,8751
French Island,114
Korumburra,9182
Leongatha,11232
Phillip Island,10665
Wilsons Promontory,13
Wonthaggi - Inverloch,22452
Churchill,11537
Moe - Newborough,16734
Morwell,14008
Traralgon,27325
Yallourn North - Glengarry,4566
Alps - West,24
Longford - Loch Sport,4363
Maffra,14031
Rosedale,4806
Sale,14783
Yarram,5347
Ararat,8362
Ararat Region,3183
Horsham,16395
Horsham Region,3443
Nhill Region,6908
St Arnaud,3348
Stawell,8237
West Wimmera,2766
Yarriambiack,6688
Irymple,6956
Merbein,4783
Mildura Region,3727
Red Cliffs,5921
Mildura - North,18402
Mildura - South,14775
Buloke,6231
Gannawarra,6652
Kerang,3903
Robinvale,3427
Swan Hill,11042
Swan Hill Region,6442
Echuca,14688
Kyabram,11003
Lockington - Gunbower,3892
Rochester,3958
Rushworth,4041
Cobram,6381
Moira,2580
Numurkah,12343
Yarrawonga,8002
Mooroopna,8018
Shepparton - North,19014
Shepparton - South,23661
Shepparton Region - East,3890
Shepparton Region - West,10305
Glenelg (Vic.),8738
Hamilton (Vic.),10040
Portland,10950
Southern Grampians,6127
Camperdown,3493
Colac,12411
Colac Region,5402
Corangamite - North,5435
Corangamite - South,7192
Otway,3571
Moyne - East,6709
Moyne - West,9561
Warrnambool - North,21440
Warrnambool - South,13178
Migratory - Offshore - Shipping (Vic.),0
Alexandra Hills,16882
Belmont - Gumdale,7713
Birkdale,15485
Capalaba,18198
Thorneside,3875
Wellington Point,12031
Cleveland,15292
Ormiston,5956
Redland Bay,16088
Sheldon - Mount Cotton,8245
Thornlands,15299
Victoria Point,15424
Redland Islands,9212
Brisbane Port - Lytton,9
Manly - Lota,7729
Manly West,11755
Murarrie,4321
Tingalpa,9004
Wakerley,9271
Wynnum,13691
Wynnum West - Hemmant,15266
Bald Hills,7486
Bridgeman Downs,8460
Carseldine,9378
Everton Park,9104
McDowall,7872
Aspley,12665
Chermside,9761
Chermside West,6537
Geebung,4477
Kedron - Gordon Park,14299
Stafford,6783
Stafford Heights,7062
Wavell Heights,10188
Boondall,9521
Brisbane Airport,212
Eagle Farm - Pinkenba,870
Northgate - Virginia,6831
Nudgee - Banyo,9952
Nundah,12861
Bracken Ridge,17516
Brighton (Qld),9830
Deagon,3785
Sandgate - Shorncliffe,7001
Taigum - Fitzgibbon,12667
Zillmere,9286
Camp Hill,11623
Cannon Hill,6060
Carina,11439
Carina Heights,6829
Carindale,16394
Annerley,12062
Coorparoo,16835
Fairfield - Dutton Park,5092
Greenslopes,9679
Holland Park,8659
Holland Park West,6627
Woolloongabba,5886
Yeronga,10012
Eight Mile Plains,15939
Macgregor (Qld),6182
Mansfield (Qld),9053
Mount Gravatt,15479
Rochedale - Burbank,6653
Upper Mount Gravatt,9840
Wishart,11238
Coopers Plains,5763
Moorooka,10857
Robertson,5410
Salisbury - Nathan,7470
Tarragindi,11130
Algester,8724
Calamvale - Stretton,22418
Pallara - Willawong,4876
Parkinson - Drewvale,16137
Rocklea - Acacia Ridge,9920
Kuraby,8726
Runcorn,15146
Sunnybank,9375
Sunnybank Hills,19133
Jindalee - Mount Ommaney,7869
Middle Park - Jamboree Heights,7322
Riverhills,4176
Seventeen Mile Rocks - Sinnamon Park,9884
Westlake,4549
Bellbowrie - Moggill,10509
Brookfield - Kenmore Hills,6993
Chapel Hill,10857
Fig Tree Pocket,4260
Kenmore,9136
Pinjarra Hills - Pullenvale,5633
Chelmer - Graceville,7705
Corinda,5084
Indooroopilly,12800
Sherwood,5882
St Lucia,13487
Taringa,8949
Enoggera,8487
Enoggera Reservoir,26
Keperra,7339
Mitchelton,8681
Mount Coot-tha,0
The Gap,17204
Upper Kedron - Ferny Grove,10305
Brisbane City,11036
Fortitude Valley,7622
Highgate Hill,6705
Kangaroo Point,8847
New Farm,13578
South Brisbane,7777
Spring Hill,6468
West End,10211
Balmoral,4494
Bulimba,7076
East Brisbane,6055
Hawthorne,5328
Morningside - Seven Hills,13279
Norman Park,6612
Albion,2973
Alderley,6276
Ascot,5368
Clayfield,10962
Grange,4427
Hamilton (Qld),6579
Hendra,4850
Kelvin Grove - Herston,10722
Newmarket,5246
Newstead - Bowen Hills,11436
Wilston,4153
Windsor,7623
Wooloowin - Lutwyche,10167
Ashgrove,13901
Auchenflower,5923
Bardon,10229
Paddington - Milton,11592
Red Hill (Qld),6194
Toowong,11547
Darra - Sumner,5241
Durack,8230
Forest Lake - Doolandella,28853
Inala - Richlands,18637
Oxley (Qld),8181
Wacol,6067
Boonah,12081
Esk,5229
Lake Manchester - England Creek,3
Lockyer Valley - East,20326
Lowood,14376
Rosewood,12109
Brassall,11193
Bundamba,9157
Churchill - Yamanto,6973
Ipswich - Central,6716
Ipswich - East,18416
Ipswich - North,4801
Karalee - Barellan Point,5718
Karana Downs,6301
Leichhardt - One Mile,7884
North Ipswich - Tivoli,6579
Raceview,15594
Ripley,4767
Riverview,3221
Bellbird Park - Brookwater,14294
Camira - Gailes,9547
Carole Park,4
Collingwood Park - Redbank,8780
Goodna,11332
New Chum,0
Redbank Plains,20011
Springfield,7059
Springfield Lakes,16068
Beaudesert,14242
Beenleigh,8498
Eagleby,13690
Edens Landing - Holmview,7698
Mount Warren Park,5991
Wolffdene - Bahrs Scrub,6328
Boronia Heights - Park Ridge,12628
Browns Plains,7637
Chambers Flat - Logan Reserve,5259
Crestmead,12377
Greenbank Military Camp,0
Hillcrest,8461
Marsden,14903
Munruben - Park Ridge South,4776
Regents Park - Heritage Park,16527
Greenbank,13224
Jimboomba,26536
Logan Village,7170
Bethania - Waterford,11243
Cornubia - Carbrook,8800
Loganholme - Tanah Merah,11545
Loganlea,10814
Shailer Park,12113
Waterford West,7501
Daisy Hill,6895
Kingston (Qld.),10782
Logan Central,6308
Rochedale South - Priestdale,15984
Slacks Creek,10800
Springwood,9608
Underwood,6699
Woodridge,12990
Beachmere - Sandstone Point,15148
Bribie Island,18465
Burpengary - East,4064
Caboolture,27635
Caboolture - South,20938
Elimbah,4049
Morayfield - East,8713
Wamuran,4027
Kilcoy,5564
Woodford - D'Aguilar,8104
Burpengary,14420
Deception Bay,22984
Morayfield,4976
Narangba,19204
Upper Caboolture,3109
Clontarf,8470
Margate - Woody Point,12126
Redcliffe,10397
Rothwell - Kippa-Ring,17622
Scarborough - Newport - Moreton Island,12614
Albany Creek,16369
Cashmere,19502
Dayboro,8730
Eatons Hill,8262
The Hills District,24231
Samford Valley,12130
Dakabin - Kallangur,24631
Murrumba Downs - Griffin,18136
North Lakes - Mango Hill,31141
Bray Park,10581
Lawnton,6212
Petrie,8954
Strathpine - Brendale,12749
Brinsmead,5580
Clifton Beach - Kewarra Beach,11197
Freshwater - Stratford,3760
Redlynch,13278
Trinity Beach - Smithfield,14450
Yorkeys Knob - Machans Beach,6289
Bentley Park,8284
Cairns City,12089
Earlville - Bayview Heights,8563
Edmonton,11084
Gordonvale - Trinity,8908
Kanimbla - Mooroobool,10221
Lamb Range,0
Manoora,6257
Manunda,5600
Mount Sheridan,8516
Westcourt - Bungalow,6553
White Rock,4878
Whitfield - Edge Hill,8483
Woree,4959
Babinda,4312
Innisfail,9637
Johnstone,8025
Tully,10921
Wooroonooran,3
Yarrabah,2703
Daintree,6453
Port Douglas,5429
Atherton,10957
Herberton,5738
Kuranda,4684
Malanda - Yungaburra,8617
Mareeba,11334
Balonne,4480
Chinchilla,8321
Goondiwindi,6515
Inglewood - Waggamba,4292
Miles - Wandoan,4141
Roma,7056
Roma Region,5872
Tara,4282
Crows Nest - Rosalie,8668
Jondaryan,7688
Millmerran,3369
Pittsworth,5820
Wambo,17454
Clifton - Greenmount,4952
Southern Downs - East,4266
Southern Downs - West,4733
Stanthorpe,5491
Stanthorpe Region,5844
Warwick,15378
Central Highlands - East,7515
Central Highlands - West,8278
Emerald,13982
Berserker,7018
Bouldercombe,1886
Emu Park,5603
Frenchville - Mount Archer,9287
Glenlee - Rockyview,5062
Gracemere,12018
Lakes Creek,4991
Mount Morgan,2981
Norman Gardens,10393
Park Avenue,5181
Parkhurst - Kawana,7096
Rockhampton - West,6032
Rockhampton City,3329
Rockhampton Region - East,3484
Rockhampton Region - North,4329
Rockhampton Region - West,2989
Shoalwater Bay,16
The Range - Allenstown,8388
Yeppoon,18561
Banana,8717
Biloela,5890
Agnes Water - Miriam Vale,6131
Boyne Island - Tannum Sands,10194
Callemondah,20
Clinton - New Auckland,13874
Gladstone,6182
Gladstone Hinterland,12071
Kin Kora - Sun Valley,3674
South Trees,0
Telina - Toolooa,6333
West Gladstone,4809
Broadbeach Waters,8161
Burleigh Heads,9134
Burleigh Waters,14745
Mermaid Beach - Broadbeach,12653
Mermaid Waters,12703
Miami,7095
Coolangatta,6234
Currumbin - Tugun,11732
Currumbin Waters,9472
Elanora,12546
Palm Beach,15157
Arundel,10645
Biggera Waters,8912
Coombabah,10602
Labrador,19021
Paradise Point - Hollywell,9772
Runaway Bay,9427
Guanaba - Springbrook,4371
Tamborine - Canungra,14652
Currumbin Valley - Tallebudgera,7419
Mudgeeraba - Bonogin,18872
Reedy Creek - Andrews,8213
Carrara,12608
Highland Park,8627
Nerang - Mount Nathan,21041
Pacific Pines - Gaven,18909
Worongary - Tallai,8217
Coomera,13807
Helensvale,17476
Hope Island,11699
Jacobs Well - Alberton,3741
Ormeau - Yatala,20245
Oxenford - Maudsland,16313
Pimpama,9620
Upper Coomera - Willow Vale,32210
Clear Island Waters,4247
Merrimac,7245
Robina,24187
Varsity Lakes,15829
Ashmore,12262
Molendinar,6660
Parkwood,9063
Southport - North,15310
Southport - South,17833
Benowa,9081
Bundall,4701
Main Beach,4132
Surfers Paradise,24969
Bowen,9290
Broadsound - Nebo,8724
Clermont,3810
Collinsville,3496
Moranbah,9029
Andergrove - Beaconsfield,15259
East Mackay,3652
Eimeo - Rural View,12776
Eungella Hinterland,16
Mackay,3740
Mackay Harbour,527
Mount Pleasant - Glenella,11004
North Mackay,6158
Ooralea - Bakers Creek,5133
Pioneer Valley,8400
Sarina,11796
Seaforth - Calen,8214
Shoal Point - Bucasia,5905
Slade Point,3419
South Mackay,6849
Walkerston - Eton,8497
West Mackay,6358
Airlie - Whitsundays,13399
Cape Conway,0
Proserpine,8441
Aurukun,1323
Cape York,7873
Croydon - Etheridge,1119
Kowanyama - Pormpuraaw,1769
Northern Peninsula,2952
Tablelands,6139
Torres,3789
Torres Strait Islands,4785
Weipa,4023
Carpentaria,5065
Mount Isa,18999
Mount Isa Region,3445
Northern Highlands,3179
Barcaldine - Blackall,4833
Charleville,4391
Far Central West,2162
Far South West,2879
Longreach,3727
Buderim - North,17077
Buderim - South,16890
Mountain Creek,11698
Sippy Downs,10619
Aroona - Currimundi,10328
Buddina - Minyama,6691
Caloundra - Kings Beach,6917
Caloundra - West,20842
Golden Beach - Pelican Waters,12182
Moffat Beach - Battery Hill,8080
Parrearra - Warana,9774
Wurtulla - Birtinya,8112
Coolum Beach,15174
Marcoola - Mudjimba,11290
Maroochydore - Kuluin,19692
Mooloolaba - Alexandra Headland,12203
Noosa Heads,4716
Noosaville,9059
Sunshine Beach,6871
Tewantin,10505
Peregian Beach - Marcus Beach,3868
Peregian Springs,7607
Beerwah,8395
Caloundra Hinterland,8859
Glass House Mountains,5928
Landsborough,10436
Maroochy Hinterland,6400
Palmwoods,10880
Bli Bli,8550
Diddillibah - Rosemount,3839
Eumundi - Yandina,10843
Nambour,20430
Noosa Hinterland,22667
Cambooya - Wyreema,7188
Darling Heights,14173
Drayton - Harristown,10445
Gatton,7632
Gowrie (Qld),6549
Highfields,13464
Lockyer Valley - West,11532
Middle Ridge,7321
Newtown (Qld),9822
North Toowoomba - Harlaxton,5872
Rangeville,8488
Toowoomba - Central,13662
Toowoomba - East,10052
Toowoomba - West,13401
Wilsonton,13600
Ayr,9254
Burdekin,8004
Charters Towers,8282
Dalrymple,3792
Ingham,4482
Ingham Region,6508
Palm Island,2602
Aitkenvale,4929
Annandale,10397
Belgian Gardens - Pallarenda,3357
Bohle Plains,7392
Condon - Rasmussen,10784
Cranbrook,6036
Deeragun,23125
Douglas,8066
Garbutt - West End,6784
Gulliver - Currajong - Vincent,7926
Heatley,4112
Hermit Park - Rosslea,5265
Hyde Park - Pimlico,4811
Kelso,10900
Kirwan - East,7998
Kirwan - West,15954
Magnetic Island,2413
Mount Louisa,9472
Mundingburra,3726
Northern Beaches,6500
Oonoonba,6784
South Townsville - Railway Estate,5336
Townsville - South,4340
Townsville City - North Ward,9452
Wulguru - Roseneath,6254
Ashfield - Kepnock,5307
Bargara - Burnett Heads,16883
Branyan - Kensington,4803
Bundaberg,6258
Bundaberg East - Kalkie,5584
Bundaberg North - Gooburrum,7355
Bundaberg Region - North,9001
Bundaberg Region - South,9966
Millbank - Avoca,7532
Svensson Heights - Norville,5702
Walkervale - Avenell Heights,10885
Gayndah - Mundubbera,6731
Gin Gin,5169
Kingaroy,10548
Kingaroy Region - North,9759
Kingaroy Region - South,3945
Monto - Eidsvold,3892
Nanango,9800
North Burnett,8
Cooloola,6331
Gympie - North,14427
Gympie - South,6882
Gympie Region,18866
Kilkivan,3710
Booral - River Heads,4684
Craignish - Dundowran Beach,4873
Pialba - Eli Waters,14137
Point Vernon,5780
Torquay - Scarness - Kawungan,15197
Urangan - Wondunna,12819
Burrum - Fraser,9724
Granville,3236
Maryborough (Qld),18522
Maryborough Region - South,8492
Tinana,5556
Migratory - Offshore - Shipping (Qld),0
Adelaide,16137
North Adelaide,7259
Adelaide Hills,6876
Aldgate - Stirling,17853
Hahndorf - Echunga,4485
Lobethal - Woodside,9145
Mount Barker,17654
Mount Barker Region,6304
Nairne,5125
Uraidla - Summertown,5525
Burnside - Wattle Park,19201
Glenside - Beaumont,10057
Toorak Gardens,16206
Athelstone,9351
Paradise - Newton,20041
Rostrevor - Magill,22241
Norwood (SA),10509
Payneham - Felixstow,12602
St Peters - Marden,13332
Nailsworth - Broadview,6187
Prospect,14908
Walkerville,7838
Goodwood - Millswood,18086
Unley - Parkside,20830
Gawler - North,9294
Gawler - South,19915
Lewiston - Two Wells,5684
Craigmore - Blakeview,18443
Davoren Park,17948
Elizabeth,10468
Elizabeth East,13055
Munno Para West - Angle Vale,12329
One Tree Hill,2576
Smithfield - Elizabeth North,12350
Virginia - Waterloo Corner,4296
Enfield - Blair Athol,23676
Northgate - Oakden - Gilles Plains,25155
Windsor Gardens,20768
Dry Creek - North,0
Ingle Farm,15072
Para Hills,14915
Parafield,104
Parafield Gardens,17285
Paralowie,17130
Salisbury,17866
Salisbury East,17771
Salisbury North,17656
Mawson Lakes - Globe Derby Park,13795
Pooraka - Cavan,7935
Golden Grove,10545
Greenwith,9114
Highbury - Dernancourt,10702
Hope Valley - Modbury,16725
Modbury Heights,19253
Redwood Park,16322
St Agnes - Ridgehaven,12629
Brighton (SA),14212
Glenelg (SA),20477
Edwardstown,13834
Hallett Cove,12670
Marino - Seaview Downs,9584
Mitchell Park,15473
Morphettville,14947
Sheidow Park - Trott Park,10311
Warradale,15279
Belair,4708
Bellevue Heights,7617
Blackwood,12230
Colonel Light Gardens,15941
Mitcham (SA),16346
Panorama,8227
Aberfoyle Park,11765
Aldinga,15554
Christie Downs,9468
Christies Beach,10356
Clarendon,2712
Coromandel Valley,4398
Flagstaff Hill,10741
Hackham - Onkaparinga Hills,6389
Hackham West - Huntfield Heights,7655
Happy Valley,13882
Happy Valley Reservoir,0
Lonsdale,26
McLaren Vale,6028
Morphett Vale - East,13712
Morphett Vale - West,9629
Reynella,10240
Seaford (SA),22857
Willunga,3432
Woodcroft,11532
Beverley,7942
Flinders Park,14918
Henley Beach,15303
Hindmarsh - Brompton,18102
Royal Park - Hendon - Albert Park,5953
Seaton - Grange,16714
West Lakes,14630
Woodville - Cheltenham,17943
Dry Creek - South,0
Largs Bay - Semaphore,14767
North Haven,14455
Port Adelaide,11003
The Parks,19028
Torrens Island,3
Adelaide Airport,0
Fulham,2729
Lockleys,13182
Plympton,24785
Richmond (SA),16911
West Beach,5151
Barossa - Angaston,6282
Light,9184
Lyndoch,6340
Mallala,3238
Nuriootpa,6731
Tanunda,4718
Clare,4121
Gilbert Valley,5029
Goyder,4244
Wakefield - Barunga West,9657
Jamestown,4651
Peterborough - Mount Remarkable,5487
Port Pirie,14360
Port Pirie Region,3392
Kadina,5396
Moonta,4956
Wallaroo,4099
Yorke Peninsula - North,7280
Yorke Peninsula - South,3998
Ceduna,2669
Eyre Peninsula,6671
Kimba - Cleve - Franklin Harbour,4343
Le Hunte - Elliston,2333
Port Lincoln,16258
West Coast (SA),3695
Western,80
Whyalla,22424
Whyalla - North,0
APY Lands,2500
Coober Pedy,1842
Quorn - Lake Gilles,2172
Outback,2740
Port Augusta,14078
Roxby Downs,4037
Goolwa - Port Elliot,11384
Kangaroo Island,4852
Strathalbyn,7301
Strathalbyn Region,7565
Victor Harbor,14786
Yankalilla,5831
Grant,5948
Kingston - Robe,3851
Millicent,5379
Naracoorte,6274
Naracoorte Region,2345
Penola,3216
Tatiara,6871
Wattle Range,3342
Mount Gambier - East,15071
Mount Gambier - West,14386
Barmera,6655
Berri,4200
Karoonda - Lameroo,3088
Loxton,5513
Loxton Region,1739
Mannum,6287
Murray Bridge,18120
Murray Bridge Region,3716
Renmark,4787
Renmark Region,4966
The Coorong,5568
Waikerie,6729
Migratory - Offshore - Shipping (SA),0
Dawesville - Bouvard,7279
Falcon - Wannanup,9032
Greenfields,10062
Halls Head - Erskine,19045
Mandurah,9381
Mandurah - East,5967
Mandurah - North,18386
Mandurah - South,10416
Pinjarra,9837
City Beach,6971
Claremont (WA),8529
Cottesloe,7851
Floreat,8258
Mosman Park - Peppermint Grove,10900
Nedlands - Dalkeith - Crawley,19588
Swanbourne - Mount Claremont,9155
Kings Park (WA),20
Mount Hawthorn - Leederville,11152
Mount Lawley - Inglewood,17244
North Perth,9187
Perth City,33898
Subiaco - Shenton Park,17305
Wembley - West Leederville - Glendalough,18801
Bassendean - Eden Hill - Ashfield,15563
Bayswater - Embleton - Bedford,23881
Maylands,13357
Morley,22648
Noranda,8292
Chidlow,4875
Glen Forrest - Darlington,7250
Helena Valley - Koongamia,5431
Malmalling - Reservoir,10
Mundaring,13204
Swan View - Greenmount - Midvale,12368
Avon Valley National Park,8
Ballajura,19540
Beechboro,18733
Bullsbrook,5409
Ellenbrook,37251
Gidgegannup,2827
Hazelmere - Guildford,4279
Lockridge - Kiara,11009
Malaga,9
Melaleuca - Lexia,0
Middle Swan - Herne Hill,5637
Midland - Guildford,10982
Stratton - Jane Brook,7097
The Vines,10248
Walyunga National Park,0
Craigie - Beldon,10182
Currambine - Kinross,14371
Duncraig,15941
Greenwood - Warwick,13782
Heathridge - Connolly,10682
Hillarys,11348
Iluka - Burns Beach,9271
Joondalup - Edgewater,14062
Kingsley,13449
Mullaloo - Kallaroo,11731
Ocean Reef,8250
Padbury,8507
Sorrento - Marmion,10058
Woodvale,9654
Balcatta - Hamersley,15885
Balga - Mirrabooka,20996
Dianella,25276
Herdsman,0
Innaloo - Doubleview,17310
Karrinyup - Gwelup - Carine,21186
Nollamara - Westminster,18618
Osborne Park Industrial,24
Scarborough,16462
Stirling - Osborne Park,14293
Trigg - North Beach - Watermans Bay,7951
Tuart Hill - Joondanna,12419
Wembley Downs - Churchlands - Woodlands,14591
Yokine - Coolbinia - Menora,16295
Alexander Heights - Koondoola,12475
Butler - Merriwa - Ridgewood,24274
Carramar,17180
Clarkson,13393
Girrawheen,9038
Madeley - Darch - Landsdale,26522
Marangaroo,11053
Mindarie - Quinns Rocks - Jindalee,19462
Neerabup National Park,7
Tapping - Ashby - Sinagra,13765
Wanneroo,26539
Alkimos - Eglinton,8291
Carabooda - Pinjar,752
Two Rocks,3085
Yanchep,9151
Armadale - Wungong - Brookdale,19478
Ashendon - Lesley,14
Camillo - Champion Lakes,5700
Forrestdale - Harrisdale - Piara Waters,20111
Kelmscott,10890
Mount Nasura - Mount Richon - Bedfordale,8174
Roleystone,7343
Seville Grove,10570
Belmont - Ascot - Redcliffe,14876
East Victoria Park - Carlisle,17352
Kewdale Commercial,7
Perth Airport,35
Rivervale - Kewdale - Cloverdale,26352
Victoria Park - Lathlain - Burswood,15264
Bentley - Wilson - St James,20959
Canning Vale - West,10313
Canning Vale Commercial,0
Cannington - Queens Park,18826
Parkwood - Ferndale - Lynwood,14259
Riverton - Shelley - Rossmoyne,14016
Welshpool,36
Willetton,18763
Beckenham - Kenwick - Langford,19538
Canning Vale - East,24022
Gosnells,20800
Huntingdale - Southern River,19710
Maddington - Orange Grove - Martin,14133
Thornlie,23925
Forrestfield - Wattle Grove,19408
High Wycombe,12632
Kalamunda - Maida Vale - Gooseberry Hill,15377
Lesmurdie - Bickley - Carmel,11932
Byford,16690
Mundijong,6467
Serpentine - Jarrahdale,4539
Como,14747
Manning - Waterford,11997
South Perth - Kensington,17410
Banjup,18177
Bibra Industrial,7
Bibra Lake,0
Coogee,9158
Coolbellup,8370
Hamilton Hill,10856
Henderson,16
North Coogee,2459
South Lake - Cockburn Central,11969
Spearwood,10636
Success - Hammond Park,15440
Yangebup,7782
Beeliar - Wattleup,8622
Jandakot,2724
East Fremantle,7765
Fremantle,15759
Fremantle - South,15151
O'Connor (WA),16
Bertram - Wellard (West),14610
Calista,7849
Hope Valley - Postans,75
Kwinana Industrial,25
Parmelia - Orelia,11238
Casuarina - Wandi,6508
Applecross - Ardross,11616
Bateman,3903
Bicton - Palmyra,14264
Booragoon,15118
Bull Creek,8084
Leeming,11198
Melville,16902
Murdoch - Kardinya,12758
Willagee,5046
Winthrop,6217
Baldivis,34287
Cooloongup,8841
Port Kennedy,14155
Rockingham,16017
Rockingham Lakes,10
Safety Bay - Shoalwater,11870
Singleton - Golden Bay - Secret Harbour,20209
Waikiki,12784
Warnbro,11135
Augusta,5528
Busselton,26828
Busselton Region,10768
Margaret River,9159
Australind - Leschenault,17956
Capel,5311
College Grove - Carey Park,6873
Collie,8901
Dardanup,3213
Davenport,12
Eaton - Pelican Point,12068
Harvey,9073
East Bunbury - Glen Iris,7172
Waroona,4238
Dalyellup,9228
Gelorup - Stratham,3057
South Bunbury - Bunbury,12413
Withers - Usher,5323
Bridgetown - Boyup Brook,6370
Donnybrook - Balingup,5930
Manjimup,5615
Pemberton,5106
Albany,14691
Albany Region,3492
Bayonet Head - Lower King,4955
Denmark,5964
Gnowangerup,2929
Katanning,4611
Kojonup,4266
Little Grove - Elleker,3694
McKail - Willyung,10575
Plantagenet,5142
Stirling Range National Park,0
Chittering,5535
Cunderdin,4148
Dowerin,4032
Gingin - Dandaragan,8559
Merredin,5151
Moora,4844
Mukinbudin,3202
Northam,11260
Toodyay,4500
York - Beverley,5353
Brookton,3792
Kulin,4335
Murray,2599
Narrogin,4818
Wagin,5001
Broome,14518
Derby - West Kimberley,8322
Halls Creek,3598
Kununurra,7496
Roebuck,2458
East Pilbara,6867
Newman,4739
Port Hedland,4513
South Hedland,9882
Ashburton (WA),13262
Karratha,16334
Roebourne,5838
Esperance,12307
Esperance Region,3982
Carnarvon,5367
Exmouth,4390
Boulder,7321
Kalgoorlie,14299
Kalgoorlie - North,9056
Kalgoorlie Airport,6
Kambalda - Coolgardie - Norseman,4690
Leinster - Leonora,4945
Trafalgar (WA),0
Geraldton,12009
Geraldton - East,8179
Geraldton - North,7876
Geraldton - South,10225
Irwin,3611
Meekatharra,3160
Morawa,4056
Northampton - Mullewa - Greenough,6011
Migratory - Offshore - Shipping (WA),0
Bridgewater - Gagebrook,7342
Brighton - Pontville,5449
Old Beach - Otago,4378
Bellerive - Rosny,5979
Cambridge,7717
Geilston Bay - Risdon,3233
Howrah - Tranmere,10432
Lindisfarne - Rose Bay,7344
Mornington - Warrane,4695
Risdon Vale,3115
Rokeby,6101
South Arm,4251
Austins Ferry - Granton,3970
Berriedale - Chigwell,5532
Claremont (Tas.),7754
Derwent Park - Lutana,4205
Glenorchy,11046
Montrose - Rosetta,4851
Moonah,5359
New Norfolk,6594
West Moonah,3979
Kingston - Huntingfield,11367
Kingston Beach - Blackmans Bay,10373
Margate - Snug,7818
Mount Wellington,0
Taroona - Bonnet Hill,3645
Hobart,8091
Lenah Valley - Mount Stuart,8512
Mount Nelson - Dynnyrne,4740
New Town,6076
Sandy Bay,12297
South Hobart - Fern Tree,6162
West Hobart,5994
Dodges Ferry - Lewisham,7520
Sorell - Richmond,8541
Invermay,3165
Kings Meadows - Punchbowl,4278
Launceston,5386
Legana,4202
Mowbray,3826
Newnham - Mayfield,9162
Newstead,5368
Norwood (Tas.),3947
Prospect Vale - Blackstone,6557
Ravenswood,3696
Riverside,6651
South Launceston,4756
Summerhill - Prospect,4746
Trevallyn,4697
Waverley - St Leonards,3614
West Launceston,4260
Youngtown - Relbia,4729
Beauty Point - Beaconsfield,3818
Deloraine,5799
Grindelwald - Lanena,5841
Hadspen - Carrick,3295
Westbury,4065
Dilston - Lilydale,3991
George Town,6905
Longford,4083
Northern Midlands,3685
Perth - Evandale,5165
St Helens - Scamander,6173
Flinders and Cape Barren Islands,926
Scottsdale - Bridport,6751
Central Highlands,2073
Derwent Valley,3175
Southern Midlands,6155
Wilderness - East,21
Bruny Island - Kettering,3033
Cygnet,4385
Geeveston - Dover,3735
Huonville - Franklin,8555
Forestier - Tasman,2396
Triabunna - Bicheno,4495
Acton - Upper Burnie,3223
Burnie - Ulverstone Region,5089
Burnie - Wivenhoe,3668
Parklands - Camdale,6491
Penguin - Sulphur Creek,5177
Romaine - Havenview,3470
Somerset,3998
Ulverstone,6999
West Ulverstone,4268
Wynyard,6198
Devonport,14069
East Devonport,4806
Latrobe,4628
Miandetta - Don,3612
Port Sorell,5732
Quoiba - Spreyton,2951
Sheffield - Railton,6310
Turners Beach - Forth,3164
King Island,1617
North West,4167
Smithton,4004
Waratah,3689
West Coast (Tas.),4236
Wilderness - West,0
Migratory - Offshore - Shipping (Tas.),0
Darwin Airport,15
Darwin City,7130
East Point,14
Fannie Bay - The Gardens,3602
Larrakeyah,4013
Ludmilla - The Narrows,2759
Parap,2967
Stuart Park,4497
Woolner - Bayview - Winnellie,3023
Alawa,2292
Anula,2517
Berrimah,1352
Brinkin - Nakara,3816
Buffalo Creek,0
Charles Darwin,0
Coconut Grove,3216
East Arm,13
Jingili,1865
Karama,5270
Leanyer,4880
Lyons (NT),5092
Malak - Marrara,4842
Millner,2746
Moil,2142
Nightcliff,4150
Rapid Creek,3460
Tiwi,2763
Wagaman,2337
Wanguri,1996
Wulagi,2557
Howard Springs,7521
Humpty Doo,9117
Koolpinyah,24
Virginia,3531
Weddell,4730
Bakewell,3237
Driver,3045
Durack - Marlow Lagoon,4549
Gray,3530
Moulden,3150
Palmerston - North,4475
Palmerston - South,3192
Rosebery - Bellamack,7062
Woodroffe,3427
Charles,4616
East Side,5520
Flynn (NT),4760
Larapinta,5266
Mount Johns,4043
Petermann - Simpson,2741
Ross,2618
Sandover - Plenty,4623
Tanami,3133
Yuendumu - Anmatjere,2398
Barkly,2879
Tennant Creek,3362
Alligator,4968
Daly,2102
Thamarrurr,2858
Tiwi Islands,2805
West Arnhem,5483
Anindilyakwa,2811
East Arnhem,8582
Nhulunbuy,3409
Elsey,2596
Gulf,4774
Katherine,10635
Victoria River,2842
Migratory - Offshore - Shipping (NT),0
Aranda,2429
Belconnen,6916
Bruce,7273
Charnwood,3008
Cook,2885
Dunlop,7262
Evatt,5393
Florey,4863
Flynn (ACT),3376
Fraser,2045
Giralang,3351
Gooromon,7
Hawker,2992
Higgins,3118
Holt,4659
Kaleen,7464
Latham,3671
Lawson,145
Macgregor (ACT),6898
Macquarie,2764
McKellar,2835
Melba,3211
Page,3047
Scullin,2980
Spence,2629
Weetangera,2582
Molonglo Corridor,12
West Belconnen,15
Hume,435
Kowen,44
Canberra East,813
Canberra Airport,101
Majura,176
Amaroo,5721
Bonner,6917
Casey,5850
Crace,4521
Forde,4456
Franklin,6592
Gungahlin,6332
Hall,276
Harrison,7850
Mitchell,4
Ngunnawal,10577
Nicholls,6879
Palmerston,5656
Gungahlin - East,0
Gungahlin - West,0
Jacka,669
Kenny,9
Moncrieff,99
Taylor,0
Throsby,0
Acton,2140
Ainslie,5260
Braddon,5689
Civic,4390
Dickson,2174
Downer,3716
Hackett,3055
Lyneham,5250
O'Connor (ACT),5626
Turner,4131
Watson,5947
Black Mountain,0
Campbell,3220
Duntroon,1846
Parkes (ACT) - North,3
Reid,1655
Russell,3
Deakin,2930
Forrest,1637
Griffith (ACT),4688
Lake Burley Griffin,0
Narrabundah,5997
Parkes (ACT) - South,5
Red Hill (ACT),3266
Yarralumla,2942
Barton,1498
Fyshwick,55
Kingston (ACT),4645
Banks,5027
Bonython,3818
Calwell,5800
Chisholm,5180
Conder,5085
Fadden,2978
Gilmore,2768
Gordon (ACT),7716
Gowrie (ACT),3074
Greenway,1888
Isabella Plains,4436
Kambah,15008
Macarthur,1456
Monash,5504
Mount Taylor,3
Oxley (ACT),1689
Richardson,3037
Theodore,3868
Tuggeranong,22
Wanniassa,7600
Tuggeranong - West,11
Chapman,2695
Duffy,3205
Fisher,3067
Holder,2618
Rivett,3201
Stirling,2151
Waramanga,2629
Weston,3603
Scrivener,3
Chifley,2475
Curtin,5331
Farrer,3264
Garran,3611
Hughes,3025
Isaacs,2363
Lyons (ACT),3116
Mawson,3307
O'Malley,1031
Pearce,2633
Phillip,3014
Torrens,2207
Arboretum,8
Coombs,1881
Denman Prospect,0
Molonglo,0
Molonglo - North,5
Wright,2865
ACT - South West,578
Namadgi,39
Migratory - Offshore - Shipping (ACT),0
Christmas Island,1903
Cocos (Keeling) Islands,546
Jervis Bay,403
Norfolk Island,1756
Migratory - Offshore - Shipping (OT),0
No usual address (NSW),0
No usual address (Vic.),0
No usual address (Qld),0
No usual address (SA),0
No usual address (WA),0
No usual address (Tas.),0
No usual address (NT),0
No usual address (ACT),0
No usual address (OT),0
